电影名称,电影年代,电影产地,类别,下载链接
电影名称,中文名称,电影年代,电影产地,类别,下载链接
2024年国产真人秀《2024吉林卫视春节联欢晚会》HD国语中字,2024吉林卫视春节联欢晚会,2024,中国大陆,真人秀,magnet:?xt=urn:btih:0df3efab3fa54b7eeb73e1a5dd4a31839043db62&dn=[电影天堂www.dytt89.com]2024吉林卫视春节联欢晚会-2024_HD国语中字.mp4
2024年国产喜剧片《四平警事之钻石大劫案》HD国语中字,四平警事之钻石大劫案,202,中国大陆,喜剧,magnet:?xt=urn:btih:1a6b3a59cbbcda1e802f80e76dabfca227dee2f8&dn=[电影天堂www.dytt89.com]四平警事之钻石大劫案-2024_HD国语中字.mp4
2023年国产喜剧片《不是闹着玩的之欢乐喜剧村》HD国语中字,不是闹着玩的4,2023,中国大陆,喜剧,magnet:?xt=urn:btih:8c3f10d3ef731cc856cc9882194e81307cccbbce&dn=[电影天堂www.dytt89.com]不是闹着玩的之欢乐喜剧村-2023_HD国语中字.mp4
2024年国产奇幻古装片《兽王》HD国语中字,兽王,2024,中国大陆,奇幻,magnet:?xt=urn:btih:b46a4e31ddf83a2428358868b8c7f43ea6cf2298&dn=[电影天堂www.dytt89.com]2024兽王-2024_HD国语中字.mp4
2024年国产真人秀《2024湖南卫视芒果TV春节联欢晚会》HD国语中字,2024湖南卫视芒果TV春节联欢晚会,2024,中国大陆,真人秀,magnet:?xt=urn:btih:d9e4678fb4560f77bea92206dd5f9350d91ef09b&dn=[电影天堂www.dytt89.com]2024湖南卫视芒果TV春节联欢晚会-2024_HD国语中字.mp4
2024年国产真人秀《同心向未来・2024中国网络视听年度盛典》HD中字,同心向未来&amp;middot;2024中国网络视听年度盛典,2024,中国大陆,音乐,magnet:?xt=urn:btih:7eb2eae90f9822edcf66301a764433c6cb42b359&dn=[电影天堂www.dytt89.com]同心向未来・2024中国网络视听年度盛典-2024_HD国语中字.mp4
2024年国产音乐真人秀《热雪踏歌夜》HD国语中字,热雪踏歌夜,2024,中国大陆,音乐,magnet:?xt=urn:btih:bc042f861d04e1ebc5f6bead99eac372a19be101&dn=[电影天堂www.dytt89.com]热雪踏歌夜-2024_HD国语中字.mp4
2024年中央广播电视总台《2024网络春晚》HD国语中字,2024网络春晚,2024,中国大陆,真人秀,magnet:?xt=urn:btih:db3a71487dccdfbd767e82e26bfab26b068ca462&dn=[电影天堂www.dytt89.com]2024网络春晚-2024_HD国语中字.mp4
2024年中央广播电视总台《集结吧！网晚开新局》HD国语中字,集结吧！网晚开新局,2024,中国大陆,真人秀,magnet:?xt=urn:btih:b89c309381394d92490c23c8bf752b7f78be7d79&dn=[电影天堂www.dytt89.com]集结吧！网晚开新局-2024_HD国语中字.mp4
2023年国产剧情片《月光武士》HD国语中英双字,Moonlight Warrior,2023,中国大陆,剧情,magnet:?xt=urn:btih:67c25c0ccc007de944585d70e39b71b2fefc7f19&dn=[电影天堂www.dytt89.com]月光武士-2023_HD国语中英双字.mp4
2024年国产犯罪剧情片《黑白潜行》HD国粤双语中字,The Grey Men,2024,中国大陆,犯罪,magnet:?xt=urn:btih:7ac4714f5ea93a916c9c0d0c45f604c10cf3bc05&dn=[电影天堂www.dytt89.com]黑白潜行-2024_HD粤语中字.mp4
2023年国产7.9分犯罪剧情片《三大队 电影版》HD国语中英双字,请转告局长，三大队任务完成了,2023,中国大陆,犯罪,magnet:?xt=urn:btih:6e8ec10b4cbd282a6063f460603c3e8fddc5fdd3&dn=[电影天堂www.dytt89.com]三大队 电影版-2023_HD国语中英双字.mp4
2023年国产爱情片《靠近我一点》HD国语中字,离我远一点,2023,中国大陆,爱情,magnet:?xt=urn:btih:abb62083d230459bb845f2bbfb410c415dbd544c&dn=[电影天堂www.dytt89.com]靠近我一点-2023_HD国语中字.mp4
2023年国产犯罪剧情片《孤注一掷》HD高清国语中英双字,捕鱼行动,2023,中国大陆,犯罪,magnet:?xt=urn:btih:fecba1963b89decbe777df8a340cbfccf9b6480a&dn=[电影天堂www.dytt89.com]孤注一掷-2023_HD高清国语中英双字.mp4
2024年国产恐怖片《长白山猎人传说》HD国语中字,长白山猎人传说,2024,中国大陆,恐怖,magnet:?xt=urn:btih:95abe1d8e2c4fe92462b54d25bb949465b9496d8&dn=[电影天堂www.dytt89.com]长白山猎人传说-2024_HD国语中字.mp4
2024年国产动作片《大冒险王之金丝玉盘》HD国语中字,大冒险王之金丝玉盘,2024,中国大陆,动作,magnet:?xt=urn:btih:5ce6b469ca89bcdb4afeaef2ef64d898ab8ea029&dn=[电影天堂www.dytt89.com]大冒险王之金丝玉盘-2024_HD国语中字.mp4
2024年国产剧情短片《小蒜头》HD国语中字,小蒜头,2024,中国大陆,剧情,magnet:?xt=urn:btih:c7aa3c5776322bc3e794ccebbf28aba1017277cb&dn=[电影天堂www.dytt89.com]小蒜头-2024_HD国语中字.mp4
2024年国产动画片《火神之天启之子》HD国语中字,火神之天启之子,2024,中国大陆,动画,magnet:?xt=urn:btih:e1020b5b4164d0d73f1f8a56fe6700d509759542&dn=[电影天堂www.dytt89.com]火神之天启之子-2024_HD国语中字.mp4
2023年国产传记片《我本是高山》HD中英双字,了不起的她,2023,中国大陆,传记,magnet:?xt=urn:btih:3b766c50df1cf51d3eec0165478f2f6d7f456704&dn=[电影天堂www.dytt89.com]我本是高山-2023_HD中英双字.mp4
2024年国产动作片《疯狂老爸》HD国语中英双字,疯狂老爸,2023,中国大陆,动作,magnet:?xt=urn:btih:b20d9721036ad670f57e5658cf95d9034e708b45&dn=[电影天堂www.dytt89.com]疯子老爸-2024_HD国语中英双字.mp4
2023年国产喜剧古装片《美人镖局》HD国语中字,美人镖局,2023,中国大陆,喜剧,magnet:?xt=urn:btih:166e8280022449c65512286378a022173aa5e34d&dn=[电影天堂www.dytt89.com]美人镖局-2023_HD国语中字.mp4
2024年国产喜剧片《逃离疯人院》HD国语中字,逃离疯人院,2024,中国大陆,喜剧,magnet:?xt=urn:btih:5e7ed4426a3ea9ee3f6a369eb730987dba90affa&dn=[电影天堂www.dytt89.com]逃离疯人院-2024_HD国语中字.mp4
2023年国产剧情片《谁说我不靠谱》HD国语中英双字,Aren&amp;#39;t I Reliable？,2023,中国大陆,剧情,magnet:?xt=urn:btih:f488896ace7fbec6cf549e3549e0e8de1e353a6d&dn=[电影天堂www.dytt89.com]谁说我不靠谱-2021_HD国语中英双字.mp4
2024年国产奇幻片《夜叉之无间有情》HD国语中字,夜叉之无间有情,2024,中国大陆,奇幻,magnet:?xt=urn:btih:559997a9721ff379b6b0737fff74310243a7cfec&dn=[电影天堂www.dytt89.com]夜叉之无间有情-2024_HD国语中字.mp4
2023年美国传记片《法拉利》BD中英双字,Ferrari,2023,美国,传记,magnet:?xt=urn:btih:7c92291ea4cde8e12cf9e52273ce7bb2981ac1be&dn=[电影天堂www.dytt89.com]法拉利-2023_BD中英双字.mp4
2024年国产恐怖片《千鹤先生》HD国语中字,千鹤先生,2024,中国大陆,恐怖,magnet:?xt=urn:btih:f7bed1c8a37c8a7d28822c80a98acbfce7be48ea&dn=[电影天堂www.dytt89.com]千鹤先生-2024_HD国语中字.mp4
2023年中国香港动作犯罪片《爆裂点》HD国粤双语中英双字,爆裂c,2023,中国香港,动作,magnet:?xt=urn:btih:6a2c02c7d098fe7d3f80045fbeb1153ce4d8fa13&dn=[电影天堂www.dytt89.com]爆裂点-2023_HD粤语中英双字.mp4
2024年国产动作武侠片《挡马夺刀》HD国语中字,挡马转三关,2024,中国大陆,动作,magnet:?xt=urn:btih:b6bee02e67b677689b526b6fc91b6683f03060b0&dn=[电影天堂www.dytt89.com]挡马夺刀-2024_HD国语中字.mp4
2024年国产科幻动作片《星门深渊》HD国语中字,Star Abyss,2024,中国大陆,科幻,magnet:?xt=urn:btih:26f8715a407b4aa982b1f366310083527ba1a9fc&dn=[电影天堂www.dytt89.com]星门深渊-2024_HD国语中字.mp4
2023年国产剧情片《中华厨王之厨王之王》HD国语中英双字,The King of Chinese Chef,2023,中国大陆,剧情,magnet:?xt=urn:btih:72a485b45a6e38a195f7334b4bc08e4c71085f50&dn=[电影天堂www.dytt89.com]中华厨王之厨王之王-2023_HD国语中英双字.mp4
